File,Meth,FSize,MDepth,MSize,Entropy
progp,CTW,49379,6,41592,124860.1
progp,SM1PF,49379,6,41592,81122.35
progp,SMUKN,49379,6,41592,79342.07
progp,PPMDP,49379,6,41592,92733.98
progp,PPMDPFull,49379,6,41592,88532.02
progp,HashCTW,49379,6,128,200397.9
progp,HashSM1PF,49379,6,128,224090.7
progp,HashSMUKN,49379,6,128,227541.3
progp,HashPPMDP,49379,6,128,226355.2
progp,HashPPMDPFull,49379,6,128,241350.3
progp,FNVHashCTW,49379,6,128,200082.6
progp,FNVHashSM1PF,49379,6,128,218707.7
progp,FNVHashSMUKN,49379,6,128,224387.8
progp,FNVHashPPMDP,49379,6,128,222357
progp,FNVHashPPMDPFull,49379,6,128,235579.5
progp,AmnesiaCTW,49379,6,128,324089.5
progp,AmnesiaSM1PF,49379,6,128,398082.1
progp,AmnesiaSMUKN,49379,6,128,397802.4
progp,AmnesiaPPMDP,49379,6,128,317014
progp,AmnesiaPPMDPFull,49379,6,128,324590.9
progp,HashCTW,49379,6,256,186329.4
progp,HashSM1PF,49379,6,256,213636.7
progp,HashSMUKN,49379,6,256,218832.8
progp,HashPPMDP,49379,6,256,216957.1
progp,HashPPMDPFull,49379,6,256,236365
progp,FNVHashCTW,49379,6,256,185445.7
progp,FNVHashSM1PF,49379,6,256,211056.5
progp,FNVHashSMUKN,49379,6,256,217457.3
progp,FNVHashPPMDP,49379,6,256,214815.7
progp,FNVHashPPMDPFull,49379,6,256,232925.9
progp,AmnesiaCTW,49379,6,256,298068.6
progp,AmnesiaSM1PF,49379,6,256,328780.3
progp,AmnesiaSMUKN,49379,6,256,328538.1
progp,AmnesiaPPMDP,49379,6,256,277388.3
progp,AmnesiaPPMDPFull,49379,6,256,284988.5
progp,HashCTW,49379,6,512,172546.3
progp,HashSM1PF,49379,6,512,200050.6
progp,HashSMUKN,49379,6,512,207490.5
progp,HashPPMDP,49379,6,512,204604.4
progp,HashPPMDPFull,49379,6,512,225003.1
progp,FNVHashCTW,49379,6,512,172499.9
progp,FNVHashSM1PF,49379,6,512,198766.2
progp,FNVHashSMUKN,49379,6,512,206630.1
progp,FNVHashPPMDP,49379,6,512,203157.3
progp,FNVHashPPMDPFull,49379,6,512,223384.3
progp,AmnesiaCTW,49379,6,512,268910.2
progp,AmnesiaSM1PF,49379,6,512,256277.3
progp,AmnesiaSMUKN,49379,6,512,255741.8
progp,AmnesiaPPMDP,49379,6,512,229252.1
progp,AmnesiaPPMDPFull,49379,6,512,237788.4
progp,HashCTW,49379,6,1024,158928.4
progp,HashSM1PF,49379,6,1024,182661.2
progp,HashSMUKN,49379,6,1024,191694.9
progp,HashPPMDP,49379,6,1024,187675.1
progp,HashPPMDPFull,49379,6,1024,206853.4
progp,FNVHashCTW,49379,6,1024,160119.4
progp,FNVHashSM1PF,49379,6,1024,182782.4
progp,FNVHashSMUKN,49379,6,1024,190947
progp,FNVHashPPMDP,49379,6,1024,187390.8
progp,FNVHashPPMDPFull,49379,6,1024,205945.8
progp,AmnesiaCTW,49379,6,1024,240596.6
progp,AmnesiaSM1PF,49379,6,1024,196313.7
progp,AmnesiaSMUKN,49379,6,1024,195618.5
progp,AmnesiaPPMDP,49379,6,1024,184757.5
progp,AmnesiaPPMDPFull,49379,6,1024,193876.1
progp,HashCTW,49379,6,2048,145950.8
progp,HashSM1PF,49379,6,2048,163128.8
progp,HashSMUKN,49379,6,2048,172162.9
progp,HashPPMDP,49379,6,2048,167357.1
progp,HashPPMDPFull,49379,6,2048,184633.1
progp,FNVHashCTW,49379,6,2048,147018.9
progp,FNVHashSM1PF,49379,6,2048,163807
progp,FNVHashSMUKN,49379,6,2048,171578.7
progp,FNVHashPPMDP,49379,6,2048,167183.8
progp,FNVHashPPMDPFull,49379,6,2048,184859.7
progp,AmnesiaCTW,49379,6,2048,215044.5
progp,AmnesiaSM1PF,49379,6,2048,156923.3
progp,AmnesiaSMUKN,49379,6,2048,155839.8
progp,AmnesiaPPMDP,49379,6,2048,153719.5
progp,AmnesiaPPMDPFull,49379,6,2048,162556
progp,HashCTW,49379,6,4096,138572.4
progp,HashSM1PF,49379,6,4096,143896.5
progp,HashSMUKN,49379,6,4096,150616.5
progp,HashPPMDP,49379,6,4096,145742.3
progp,HashPPMDPFull,49379,6,4096,165290.7
progp,FNVHashCTW,49379,6,4096,137956.4
progp,FNVHashSM1PF,49379,6,4096,144242.7
progp,FNVHashSMUKN,49379,6,4096,150196.3
progp,FNVHashPPMDP,49379,6,4096,145902.4
progp,FNVHashPPMDPFull,49379,6,4096,165153.1
progp,AmnesiaCTW,49379,6,4096,188163.9
progp,AmnesiaSM1PF,49379,6,4096,124641.8
progp,AmnesiaSMUKN,49379,6,4096,123595.1
progp,AmnesiaPPMDP,49379,6,4096,126917.1
progp,AmnesiaPPMDPFull,49379,6,4096,134160.2
progp,HashCTW,49379,6,8192,133786.6
progp,HashSM1PF,49379,6,8192,125510.9
progp,HashSMUKN,49379,6,8192,128805.3
progp,HashPPMDP,49379,6,8192,124919.8
progp,HashPPMDPFull,49379,6,8192,146062.9
progp,FNVHashCTW,49379,6,8192,132696.6
progp,FNVHashSM1PF,49379,6,8192,125625.5
progp,FNVHashSMUKN,49379,6,8192,129064.9
progp,FNVHashPPMDP,49379,6,8192,125425.4
progp,FNVHashPPMDPFull,49379,6,8192,145982
progp,AmnesiaCTW,49379,6,8192,161502.3
progp,AmnesiaSM1PF,49379,6,8192,101164.9
progp,AmnesiaSMUKN,49379,6,8192,100057.5
progp,AmnesiaPPMDP,49379,6,8192,106906.8
progp,AmnesiaPPMDPFull,49379,6,8192,111233.3
progp,HashCTW,49379,6,16384,130265.4
progp,HashSM1PF,49379,6,16384,109790.8
progp,HashSMUKN,49379,6,16384,111295.2
progp,HashPPMDP,49379,6,16384,108493.5
progp,HashPPMDPFull,49379,6,16384,128147.6
progp,FNVHashCTW,49379,6,16384,129023.8
progp,FNVHashSM1PF,49379,6,16384,109710.6
progp,FNVHashSMUKN,49379,6,16384,111318.7
progp,FNVHashPPMDP,49379,6,16384,108739.9
progp,FNVHashPPMDPFull,49379,6,16384,128186.1
progp,AmnesiaCTW,49379,6,16384,145502.6
progp,AmnesiaSM1PF,49379,6,16384,89976.62
progp,AmnesiaSMUKN,49379,6,16384,88549.81
progp,AmnesiaPPMDP,49379,6,16384,98917.05
progp,AmnesiaPPMDPFull,49379,6,16384,99067.33
progp,HashCTW,49379,6,32768,128152.9
progp,HashSM1PF,49379,6,32768,97673.65
progp,HashSMUKN,49379,6,32768,97980.46
progp,HashPPMDP,49379,6,32768,96162.68
progp,HashPPMDPFull,49379,6,32768,112434.4
progp,FNVHashCTW,49379,6,32768,127969.2
progp,FNVHashSM1PF,49379,6,32768,97794.69
progp,FNVHashSMUKN,49379,6,32768,98249.49
progp,FNVHashPPMDP,49379,6,32768,96493.78
progp,FNVHashPPMDPFull,49379,6,32768,113101.6
progp,AmnesiaCTW,49379,6,32768,135461
progp,AmnesiaSM1PF,49379,6,32768,86401.54
progp,AmnesiaSMUKN,49379,6,32768,85211.87
progp,AmnesiaPPMDP,49379,6,32768,96305.13
progp,AmnesiaPPMDPFull,49379,6,32768,95871.99
progp,HashCTW,49379,6,65536,127570
progp,HashSM1PF,49379,6,65536,90318.19
progp,HashSMUKN,49379,6,65536,89812.9
progp,HashPPMDP,49379,6,65536,88552.6
progp,HashPPMDPFull,49379,6,65536,102331.3
progp,FNVHashCTW,49379,6,65536,127224.3
progp,FNVHashSM1PF,49379,6,65536,90203.67
progp,FNVHashSMUKN,49379,6,65536,89786.28
progp,FNVHashPPMDP,49379,6,65536,88579.31
progp,FNVHashPPMDPFull,49379,6,65536,102447.7
progp,AmnesiaCTW,49379,6,65536,124860.1
progp,AmnesiaSM1PF,49379,6,65536,81122.35
progp,AmnesiaSMUKN,49379,6,65536,79342.07
progp,AmnesiaPPMDP,49379,6,65536,92733.98
progp,AmnesiaPPMDPFull,49379,6,65536,88532.02
progp,HashCTW,49379,6,131072,127218.2
progp,HashSM1PF,49379,6,131072,86427.33
progp,HashSMUKN,49379,6,131072,85133.04
progp,HashPPMDP,49379,6,131072,84198.15
progp,HashPPMDPFull,49379,6,131072,96099.48
progp,FNVHashCTW,49379,6,131072,126737.8
progp,FNVHashSM1PF,49379,6,131072,85766.86
progp,FNVHashSMUKN,49379,6,131072,84729.59
progp,FNVHashPPMDP,49379,6,131072,83809.06
progp,FNVHashPPMDPFull,49379,6,131072,95834.28
progp,AmnesiaCTW,49379,6,131072,124860.1
progp,AmnesiaSM1PF,49379,6,131072,81122.35
progp,AmnesiaSMUKN,49379,6,131072,79342.07
progp,AmnesiaPPMDP,49379,6,131072,92733.98
progp,AmnesiaPPMDPFull,49379,6,131072,88532.02
progp,HashCTW,49379,6,262144,127065.1
progp,HashSM1PF,49379,6,262144,83638.81
progp,HashSMUKN,49379,6,262144,82342.88
progp,HashPPMDP,49379,6,262144,81615.35
progp,HashPPMDPFull,49379,6,262144,92405.42
progp,FNVHashCTW,49379,6,262144,126535.9
progp,FNVHashSM1PF,49379,6,262144,83370.29
progp,FNVHashSMUKN,49379,6,262144,81902.19
progp,FNVHashPPMDP,49379,6,262144,81139.2
progp,FNVHashPPMDPFull,49379,6,262144,91968.38
progp,AmnesiaCTW,49379,6,262144,124860.1
progp,AmnesiaSM1PF,49379,6,262144,81122.35
progp,AmnesiaSMUKN,49379,6,262144,79342.07
progp,AmnesiaPPMDP,49379,6,262144,92733.98
progp,AmnesiaPPMDPFull,49379,6,262144,88532.02
progp,HashCTW,49379,6,524288,126951.5
progp,HashSM1PF,49379,6,524288,82501.36
progp,HashSMUKN,49379,6,524288,81051.14
progp,HashPPMDP,49379,6,524288,80359.71
progp,HashPPMDPFull,49379,6,524288,90611.24
progp,FNVHashCTW,49379,6,524288,126498.3
progp,FNVHashSM1PF,49379,6,524288,82269.82
progp,FNVHashSMUKN,49379,6,524288,80734.16
progp,FNVHashPPMDP,49379,6,524288,80013.53
progp,FNVHashPPMDPFull,49379,6,524288,90278.4
progp,AmnesiaCTW,49379,6,524288,124860.1
progp,AmnesiaSM1PF,49379,6,524288,81122.35
progp,AmnesiaSMUKN,49379,6,524288,79342.07
progp,AmnesiaPPMDP,49379,6,524288,92733.98
progp,AmnesiaPPMDPFull,49379,6,524288,88532.02
progp,HashCTW,49379,6,1048576,126931.1
progp,HashSM1PF,49379,6,1048576,81896.39
progp,HashSMUKN,49379,6,1048576,80370.67
progp,HashPPMDP,49379,6,1048576,79709.3
progp,HashPPMDPFull,49379,6,1048576,89701.64
progp,FNVHashCTW,49379,6,1048576,126475.7
progp,FNVHashSM1PF,49379,6,1048576,81521.56
progp,FNVHashSMUKN,49379,6,1048576,80028.83
progp,FNVHashPPMDP,49379,6,1048576,79348.99
progp,FNVHashPPMDPFull,49379,6,1048576,89307.78
progp,AmnesiaCTW,49379,6,1048576,124860.1
progp,AmnesiaSM1PF,49379,6,1048576,81122.35
progp,AmnesiaSMUKN,49379,6,1048576,79342.07
progp,AmnesiaPPMDP,49379,6,1048576,92733.98
progp,AmnesiaPPMDPFull,49379,6,1048576,88532.02
progp,CTW,49379,7,59048,124875.7
progp,SM1PF,49379,7,59048,79608.19
progp,SMUKN,49379,7,59048,78209.02
progp,PPMDP,49379,7,59048,87812.62
progp,PPMDPFull,49379,7,59048,88364.28
progp,HashCTW,49379,7,128,202710.1
progp,HashSM1PF,49379,7,128,229298
progp,HashSMUKN,49379,7,128,232655.6
progp,HashPPMDP,49379,7,128,231123.4
progp,HashPPMDPFull,49379,7,128,245404
progp,FNVHashCTW,49379,7,128,203386.9
progp,FNVHashSM1PF,49379,7,128,224850.3
progp,FNVHashSMUKN,49379,7,128,230715
progp,FNVHashPPMDP,49379,7,128,228568.5
progp,FNVHashPPMDPFull,49379,7,128,239789
progp,AmnesiaCTW,49379,7,128,330412.5
progp,AmnesiaSM1PF,49379,7,128,414607.5
progp,AmnesiaSMUKN,49379,7,128,414322.7
progp,AmnesiaPPMDP,49379,7,128,326355.9
progp,AmnesiaPPMDPFull,49379,7,128,334029.7
progp,HashCTW,49379,7,256,189887.9
progp,HashSM1PF,49379,7,256,221939.2
progp,HashSMUKN,49379,7,256,227149.3
progp,HashPPMDP,49379,7,256,224768.9
progp,HashPPMDPFull,49379,7,256,244640.2
progp,FNVHashCTW,49379,7,256,190547.5
progp,FNVHashSM1PF,49379,7,256,218679.3
progp,FNVHashSMUKN,49379,7,256,225762.8
progp,FNVHashPPMDP,49379,7,256,222512.5
progp,FNVHashPPMDPFull,49379,7,256,239163.7
progp,AmnesiaCTW,49379,7,256,304532.3
progp,AmnesiaSM1PF,49379,7,256,345365.4
progp,AmnesiaSMUKN,49379,7,256,345191
progp,AmnesiaPPMDP,49379,7,256,287102.7
progp,AmnesiaPPMDPFull,49379,7,256,295092.9
progp,HashCTW,49379,7,512,177257
progp,HashSM1PF,49379,7,512,210958.3
progp,HashSMUKN,49379,7,512,218727.2
progp,HashPPMDP,49379,7,512,215171.9
progp,HashPPMDPFull,49379,7,512,236537.1
progp,FNVHashCTW,49379,7,512,177733.6
progp,FNVHashSM1PF,49379,7,512,209102.4
progp,FNVHashSMUKN,49379,7,512,217326.3
progp,FNVHashPPMDP,49379,7,512,212672.4
progp,FNVHashPPMDPFull,49379,7,512,234142.1
progp,AmnesiaCTW,49379,7,512,277095.6
progp,AmnesiaSM1PF,49379,7,512,275192
progp,AmnesiaSMUKN,49379,7,512,274850.2
progp,AmnesiaPPMDP,49379,7,512,242118
progp,AmnesiaPPMDPFull,49379,7,512,250973.5
progp,HashCTW,49379,7,1024,163003.9
progp,HashSM1PF,49379,7,1024,194607.2
progp,HashSMUKN,49379,7,1024,204701.4
progp,HashPPMDP,49379,7,1024,199554.6
progp,HashPPMDPFull,49379,7,1024,221551.2
progp,FNVHashCTW,49379,7,1024,163717.7
progp,FNVHashSM1PF,49379,7,1024,194222.6
progp,FNVHashSMUKN,49379,7,1024,204030.9
progp,FNVHashPPMDP,49379,7,1024,198886.4
progp,FNVHashPPMDPFull,49379,7,1024,220146.1
progp,AmnesiaCTW,49379,7,1024,249663.7
progp,AmnesiaSM1PF,49379,7,1024,214731.9
progp,AmnesiaSMUKN,49379,7,1024,214115.2
progp,AmnesiaPPMDP,49379,7,1024,198909.1
progp,AmnesiaPPMDPFull,49379,7,1024,208454.9
progp,HashCTW,49379,7,2048,148661.3
progp,HashSM1PF,49379,7,2048,175697.5
progp,HashSMUKN,49379,7,2048,186394
progp,HashPPMDP,49379,7,2048,179833.4
progp,HashPPMDPFull,49379,7,2048,200925.7
progp,FNVHashCTW,49379,7,2048,150182.5
progp,FNVHashSM1PF,49379,7,2048,176102.1
progp,FNVHashSMUKN,49379,7,2048,185702.1
progp,FNVHashPPMDP,49379,7,2048,178971
progp,FNVHashPPMDPFull,49379,7,2048,199923.9
progp,AmnesiaCTW,49379,7,2048,225374.5
progp,AmnesiaSM1PF,49379,7,2048,170594.2
progp,AmnesiaSMUKN,49379,7,2048,169818.2
progp,AmnesiaPPMDP,49379,7,2048,164375.7
progp,AmnesiaPPMDPFull,49379,7,2048,174926.5
progp,HashCTW,49379,7,4096,140366
progp,HashSM1PF,49379,7,4096,155322.5
progp,HashSMUKN,49379,7,4096,164538.6
progp,HashPPMDP,49379,7,4096,157454.3
progp,HashPPMDPFull,49379,7,4096,180573.1
progp,FNVHashCTW,49379,7,4096,140531.4
progp,FNVHashSM1PF,49379,7,4096,155806.5
progp,FNVHashSMUKN,49379,7,4096,163873.2
progp,FNVHashPPMDP,49379,7,4096,156924.9
progp,FNVHashPPMDPFull,49379,7,4096,180164.9
progp,AmnesiaCTW,49379,7,4096,194513.9
progp,AmnesiaSM1PF,49379,7,4096,132168.8
progp,AmnesiaSMUKN,49379,7,4096,131336.9
progp,AmnesiaPPMDP,49379,7,4096,131984.7
progp,AmnesiaPPMDPFull,49379,7,4096,141061.2
progp,HashCTW,49379,7,8192,134760.8
progp,HashSM1PF,49379,7,8192,136064.2
progp,HashSMUKN,49379,7,8192,141741.4
progp,HashPPMDP,49379,7,8192,135838.3
progp,HashPPMDPFull,49379,7,8192,161927.7
progp,FNVHashCTW,49379,7,8192,134112.3
progp,FNVHashSM1PF,49379,7,8192,135600.6
progp,FNVHashSMUKN,49379,7,8192,141210.5
progp,FNVHashPPMDP,49379,7,8192,135433.9
progp,FNVHashPPMDPFull,49379,7,8192,161332.8
progp,AmnesiaCTW,49379,7,8192,177312.5
progp,AmnesiaSM1PF,49379,7,8192,114816.5
progp,AmnesiaSMUKN,49379,7,8192,113832.2
progp,AmnesiaPPMDP,49379,7,8192,116512.9
progp,AmnesiaPPMDPFull,49379,7,8192,126199.8
progp,HashCTW,49379,7,16384,130772
progp,HashSM1PF,49379,7,16384,118048.4
progp,HashSMUKN,49379,7,16384,121243.3
progp,HashPPMDP,49379,7,16384,116945.4
progp,HashPPMDPFull,49379,7,16384,142630.1
progp,FNVHashCTW,49379,7,16384,129621.7
progp,FNVHashSM1PF,49379,7,16384,117912.6
progp,FNVHashSMUKN,49379,7,16384,120671.3
progp,FNVHashPPMDP,49379,7,16384,116451.5
progp,FNVHashPPMDPFull,49379,7,16384,142282.8
progp,AmnesiaCTW,49379,7,16384,149825.1
progp,AmnesiaSM1PF,49379,7,16384,90342.46
progp,AmnesiaSMUKN,49379,7,16384,89167.1
progp,AmnesiaPPMDP,49379,7,16384,96164.94
progp,AmnesiaPPMDPFull,49379,7,16384,99873.87
progp,HashCTW,49379,7,32768,128496.4
progp,HashSM1PF,49379,7,32768,103291.3
progp,HashSMUKN,49379,7,32768,104984.2
progp,HashPPMDP,49379,7,32768,102245.3
progp,HashPPMDPFull,49379,7,32768,124268.7
progp,FNVHashCTW,49379,7,32768,128207.1
progp,FNVHashSM1PF,49379,7,32768,103468.6
progp,FNVHashSMUKN,49379,7,32768,104679.2
progp,FNVHashPPMDP,49379,7,32768,101876.5
progp,FNVHashPPMDPFull,49379,7,32768,124258.2
progp,AmnesiaCTW,49379,7,32768,140786.7
progp,AmnesiaSM1PF,49379,7,32768,88768.1
progp,AmnesiaSMUKN,49379,7,32768,87673.63
progp,AmnesiaPPMDP,49379,7,32768,95581.65
progp,AmnesiaPPMDPFull,49379,7,32768,99418.5
progp,HashCTW,49379,7,65536,127776.3
progp,HashSM1PF,49379,7,65536,93420.75
progp,HashSMUKN,49379,7,65536,93495.01
progp,HashPPMDP,49379,7,65536,91751.52
progp,HashPPMDPFull,49379,7,65536,110248.2
progp,FNVHashCTW,49379,7,65536,127321.9
progp,FNVHashSM1PF,49379,7,65536,93535.06
progp,FNVHashSMUKN,49379,7,65536,93472.14
progp,FNVHashPPMDP,49379,7,65536,91672.6
progp,FNVHashPPMDPFull,49379,7,65536,110188.8
progp,AmnesiaCTW,49379,7,65536,124875.7
progp,AmnesiaSM1PF,49379,7,65536,79608.19
progp,AmnesiaSMUKN,49379,7,65536,78209.02
progp,AmnesiaPPMDP,49379,7,65536,87812.62
progp,AmnesiaPPMDPFull,49379,7,65536,88364.28
progp,HashCTW,49379,7,131072,127272.5
progp,HashSM1PF,49379,7,131072,87003.94
progp,HashSMUKN,49379,7,131072,86718.78
progp,HashPPMDP,49379,7,131072,85501.08
progp,HashPPMDPFull,49379,7,131072,100804
progp,FNVHashCTW,49379,7,131072,126818.2
progp,FNVHashSM1PF,49379,7,131072,86983.13
progp,FNVHashSMUKN,49379,7,131072,86528.56
progp,FNVHashPPMDP,49379,7,131072,85263.71
progp,FNVHashPPMDPFull,49379,7,131072,100749.1
progp,AmnesiaCTW,49379,7,131072,124875.7
progp,AmnesiaSM1PF,49379,7,131072,79608.19
progp,AmnesiaSMUKN,49379,7,131072,78209.02
progp,AmnesiaPPMDP,49379,7,131072,87812.62
progp,AmnesiaPPMDPFull,49379,7,131072,88364.28
progp,HashCTW,49379,7,262144,127136.9
progp,HashSM1PF,49379,7,262144,83616.99
progp,HashSMUKN,49379,7,262144,82935.14
progp,HashPPMDP,49379,7,262144,81992.84
progp,HashPPMDPFull,49379,7,262144,95169.2
progp,FNVHashCTW,49379,7,262144,126621.1
progp,FNVHashSM1PF,49379,7,262144,83162.46
progp,FNVHashSMUKN,49379,7,262144,82523.09
progp,FNVHashPPMDP,49379,7,262144,81541.96
progp,FNVHashPPMDPFull,49379,7,262144,94880.55
progp,AmnesiaCTW,49379,7,262144,124875.7
progp,AmnesiaSM1PF,49379,7,262144,79608.19
progp,AmnesiaSMUKN,49379,7,262144,78209.02
progp,AmnesiaPPMDP,49379,7,262144,87812.62
progp,AmnesiaPPMDPFull,49379,7,262144,88364.28
progp,HashCTW,49379,7,524288,127057.4
progp,HashSM1PF,49379,7,524288,81814.21
progp,HashSMUKN,49379,7,524288,80893.69
progp,HashPPMDP,49379,7,524288,80049.38
progp,HashPPMDPFull,49379,7,524288,92242.17
progp,FNVHashCTW,49379,7,524288,126555.8
progp,FNVHashSM1PF,49379,7,524288,81672.03
progp,FNVHashSMUKN,49379,7,524288,80329.66
progp,FNVHashPPMDP,49379,7,524288,79478.38
progp,FNVHashPPMDPFull,49379,7,524288,91784.61
progp,AmnesiaCTW,49379,7,524288,124875.7
progp,AmnesiaSM1PF,49379,7,524288,79608.19
progp,AmnesiaSMUKN,49379,7,524288,78209.02
progp,AmnesiaPPMDP,49379,7,524288,87812.62
progp,AmnesiaPPMDPFull,49379,7,524288,88364.28
progp,HashCTW,49379,7,1048576,126971.6
progp,HashSM1PF,49379,7,1048576,80749.04
progp,HashSMUKN,49379,7,1048576,79738.62
progp,HashPPMDP,49379,7,1048576,78967.09
progp,HashPPMDPFull,49379,7,1048576,90701.33
progp,FNVHashCTW,49379,7,1048576,126485.4
progp,FNVHashSM1PF,49379,7,1048576,80408.63
progp,FNVHashSMUKN,49379,7,1048576,79201.83
progp,FNVHashPPMDP,49379,7,1048576,78424.14
progp,FNVHashPPMDPFull,49379,7,1048576,90129.27
progp,AmnesiaCTW,49379,7,1048576,124875.7
progp,AmnesiaSM1PF,49379,7,1048576,79608.19
progp,AmnesiaSMUKN,49379,7,1048576,78209.02
progp,AmnesiaPPMDP,49379,7,1048576,87812.62
progp,AmnesiaPPMDPFull,49379,7,1048576,88364.28
progp,CTW,49379,8,78929,124859.5
progp,SM1PF,49379,8,78929,78385.23
progp,SMUKN,49379,8,78929,77046.11
progp,PPMDP,49379,8,78929,84467.24
progp,PPMDPFull,49379,8,78929,88575.6
progp,HashCTW,49379,8,128,205579.2
progp,HashSM1PF,49379,8,128,233539.3
progp,HashSMUKN,49379,8,128,236931.3
progp,HashPPMDP,49379,8,128,235022
progp,HashPPMDPFull,49379,8,128,246960.5
progp,FNVHashCTW,49379,8,128,207521.9
progp,FNVHashSM1PF,49379,8,128,228977.4
progp,FNVHashSMUKN,49379,8,128,235464
progp,FNVHashPPMDP,49379,8,128,233183.9
progp,FNVHashPPMDPFull,49379,8,128,242556.4
progp,AmnesiaCTW,49379,8,128,334060.4
progp,AmnesiaSM1PF,49379,8,128,424439
progp,AmnesiaSMUKN,49379,8,128,424192.7
progp,AmnesiaPPMDP,49379,8,128,331463.4
progp,AmnesiaPPMDPFull,49379,8,128,339278.8
progp,HashCTW,49379,8,256,193507.8
progp,HashSM1PF,49379,8,256,227943.1
progp,HashSMUKN,49379,8,256,232536.1
progp,HashPPMDP,49379,8,256,229427.2
progp,HashPPMDPFull,49379,8,256,247704.8
progp,FNVHashCTW,49379,8,256,195354.3
progp,FNVHashSM1PF,49379,8,256,224944.9
progp,FNVHashSMUKN,49379,8,256,232272.2
progp,FNVHashPPMDP,49379,8,256,228588.3
progp,FNVHashPPMDPFull,49379,8,256,243698.4
progp,AmnesiaCTW,49379,8,256,311567.4
progp,AmnesiaSM1PF,49379,8,256,364515.6
progp,AmnesiaSMUKN,49379,8,256,364256.1
progp,AmnesiaPPMDP,49379,8,256,299094.8
progp,AmnesiaPPMDPFull,49379,8,256,307198.3
progp,HashCTW,49379,8,512,179777.8
progp,HashSM1PF,49379,8,512,218382.1
progp,HashSMUKN,49379,8,512,225367
progp,HashPPMDP,49379,8,512,220884.4
progp,HashPPMDPFull,49379,8,512,243410.2
progp,FNVHashCTW,49379,8,512,179874.8
progp,FNVHashSM1PF,49379,8,512,216924.8
progp,FNVHashSMUKN,49379,8,512,225195.6
progp,FNVHashPPMDP,49379,8,512,220159.9
progp,FNVHashPPMDPFull,49379,8,512,241296
progp,AmnesiaCTW,49379,8,512,283755.6
progp,AmnesiaSM1PF,49379,8,512,291023.8
progp,AmnesiaSMUKN,49379,8,512,290753.2
progp,AmnesiaPPMDP,49379,8,512,252843.4
progp,AmnesiaPPMDPFull,49379,8,512,261722.3
progp,HashCTW,49379,8,1024,166134.3
progp,HashSM1PF,49379,8,1024,204645.5
progp,HashSMUKN,49379,8,1024,214679.3
progp,HashPPMDP,49379,8,1024,208757
progp,HashPPMDPFull,49379,8,1024,232663.1
progp,FNVHashCTW,49379,8,1024,166350.6
progp,FNVHashSM1PF,49379,8,1024,204015.2
progp,FNVHashSMUKN,49379,8,1024,214572.8
progp,FNVHashPPMDP,49379,8,1024,208437.9
progp,FNVHashPPMDPFull,49379,8,1024,231977.2
progp,AmnesiaCTW,49379,8,1024,256778
progp,AmnesiaSM1PF,49379,8,1024,228058.9
progp,AmnesiaSMUKN,49379,8,1024,227447.7
progp,AmnesiaPPMDP,49379,8,1024,208433.5
progp,AmnesiaPPMDPFull,49379,8,1024,218451.3
progp,HashCTW,49379,8,2048,151863.4
progp,HashSM1PF,49379,8,2048,186953.5
progp,HashSMUKN,49379,8,2048,198354.1
progp,HashPPMDP,49379,8,2048,190358
progp,HashPPMDPFull,49379,8,2048,214445.1
progp,FNVHashCTW,49379,8,2048,152844.7
progp,FNVHashSM1PF,49379,8,2048,186983.1
progp,FNVHashSMUKN,49379,8,2048,197980.5
progp,FNVHashPPMDP,49379,8,2048,190002.8
progp,FNVHashPPMDPFull,49379,8,2048,213620.6
progp,AmnesiaCTW,49379,8,2048,233108.9
progp,AmnesiaSM1PF,49379,8,2048,182809.5
progp,AmnesiaSMUKN,49379,8,2048,182044.3
progp,AmnesiaPPMDP,49379,8,2048,173680.3
progp,AmnesiaPPMDPFull,49379,8,2048,185158.3
progp,HashCTW,49379,8,4096,142311.6
progp,HashSM1PF,49379,8,4096,166968.9
progp,HashSMUKN,49379,8,4096,177504
progp,HashPPMDP,49379,8,4096,168527.1
progp,HashPPMDPFull,49379,8,4096,194004.6
progp,FNVHashCTW,49379,8,4096,142298
progp,FNVHashSM1PF,49379,8,4096,166713.1
progp,FNVHashSMUKN,49379,8,4096,177217.8
progp,FNVHashPPMDP,49379,8,4096,168286.3
progp,FNVHashPPMDPFull,49379,8,4096,193858.5
progp,AmnesiaCTW,49379,8,4096,200409.8
progp,AmnesiaSM1PF,49379,8,4096,137980.4
progp,AmnesiaSMUKN,49379,8,4096,137172.5
progp,AmnesiaPPMDP,49379,8,4096,135829
progp,AmnesiaPPMDPFull,49379,8,4096,146215
progp,HashCTW,49379,8,8192,135865.9
progp,HashSM1PF,49379,8,8192,146095.7
progp,HashSMUKN,49379,8,8192,153698.6
progp,HashPPMDP,49379,8,8192,145978.5
progp,HashPPMDPFull,49379,8,8192,176104.2
progp,FNVHashCTW,49379,8,8192,135117.6
progp,FNVHashSM1PF,49379,8,8192,146003.9
progp,FNVHashSMUKN,49379,8,8192,153397.5
progp,FNVHashPPMDP,49379,8,8192,145483
progp,FNVHashPPMDPFull,49379,8,8192,175737.3
progp,AmnesiaCTW,49379,8,8192,184573.5
progp,AmnesiaSM1PF,49379,8,8192,122266.2
progp,AmnesiaSMUKN,49379,8,8192,121302.1
progp,AmnesiaPPMDP,49379,8,8192,122268.5
progp,AmnesiaPPMDPFull,49379,8,8192,133229.2
progp,HashCTW,49379,8,16384,131789.8
progp,HashSM1PF,49379,8,16384,126438.5
progp,HashSMUKN,49379,8,16384,131085.8
progp,HashPPMDP,49379,8,16384,125234.5
progp,HashPPMDPFull,49379,8,16384,156583.4
progp,FNVHashCTW,49379,8,16384,130463.1
progp,FNVHashSM1PF,49379,8,16384,126512.4
progp,FNVHashSMUKN,49379,8,16384,131178.6
progp,FNVHashPPMDP,49379,8,16384,125209.1
progp,FNVHashPPMDPFull,49379,8,16384,156927.1
progp,AmnesiaCTW,49379,8,16384,160724.2
progp,AmnesiaSM1PF,49379,8,16384,98644.87
progp,AmnesiaSMUKN,49379,8,16384,97623.96
progp,AmnesiaPPMDP,49379,8,16384,100924.5
progp,AmnesiaPPMDPFull,49379,8,16384,110976.4
progp,HashCTW,49379,8,32768,128916.5
progp,HashSM1PF,49379,8,32768,109653.1
progp,HashSMUKN,49379,8,32768,111986.6
progp,HashPPMDP,49379,8,32768,108264.7
progp,HashPPMDPFull,49379,8,32768,136635.3
progp,FNVHashCTW,49379,8,32768,128569.9
progp,FNVHashSM1PF,49379,8,32768,109832
progp,FNVHashSMUKN,49379,8,32768,112400.7
progp,FNVHashPPMDP,49379,8,32768,108479.2
progp,FNVHashPPMDPFull,49379,8,32768,137025.8
progp,AmnesiaCTW,49379,8,32768,141729.1
progp,AmnesiaSM1PF,49379,8,32768,86188.93
progp,AmnesiaSMUKN,49379,8,32768,84986.25
progp,AmnesiaPPMDP,49379,8,32768,90256.19
progp,AmnesiaPPMDPFull,49379,8,32768,97719.38
progp,HashCTW,49379,8,65536,127973.9
progp,HashSM1PF,49379,8,65536,97131.08
progp,HashSMUKN,49379,8,65536,97962.31
progp,HashPPMDP,49379,8,65536,95696.55
progp,HashPPMDPFull,49379,8,65536,119175.5
progp,FNVHashCTW,49379,8,65536,127437.1
progp,FNVHashSM1PF,49379,8,65536,97074.44
progp,FNVHashSMUKN,49379,8,65536,97815.11
progp,FNVHashPPMDP,49379,8,65536,95476.11
progp,FNVHashPPMDPFull,49379,8,65536,119326.5
progp,AmnesiaCTW,49379,8,65536,131423.6
progp,AmnesiaSM1PF,49379,8,65536,81709.1
progp,AmnesiaSMUKN,49379,8,65536,80416.23
progp,AmnesiaPPMDP,49379,8,65536,87599.72
progp,AmnesiaPPMDPFull,49379,8,65536,91409.58
progp,HashCTW,49379,8,131072,127395.2
progp,HashSM1PF,49379,8,131072,88719.33
progp,HashSMUKN,49379,8,131072,88741.9
progp,HashPPMDP,49379,8,131072,87266.7
progp,HashPPMDPFull,49379,8,131072,106382.4
progp,FNVHashCTW,49379,8,131072,126968.4
progp,FNVHashSM1PF,49379,8,131072,88999.21
progp,FNVHashSMUKN,49379,8,131072,88783.17
progp,FNVHashPPMDP,49379,8,131072,87197.03
progp,FNVHashPPMDPFull,49379,8,131072,106676.8
progp,AmnesiaCTW,49379,8,131072,124859.5
progp,AmnesiaSM1PF,49379,8,131072,78385.23
progp,AmnesiaSMUKN,49379,8,131072,77046.11
progp,AmnesiaPPMDP,49379,8,131072,84467.24
progp,AmnesiaPPMDPFull,49379,8,131072,88575.6
progp,HashCTW,49379,8,262144,127143.1
progp,HashSM1PF,49379,8,262144,83992.58
progp,HashSMUKN,49379,8,262144,83430.47
progp,HashPPMDP,49379,8,262144,82371.13
progp,HashPPMDPFull,49379,8,262144,98347.83
progp,FNVHashCTW,49379,8,262144,126668.6
progp,FNVHashSM1PF,49379,8,262144,83894.84
progp,FNVHashSMUKN,49379,8,262144,83246.86
progp,FNVHashPPMDP,49379,8,262144,82090.75
progp,FNVHashPPMDPFull,49379,8,262144,98356.76
progp,AmnesiaCTW,49379,8,262144,124859.5
progp,AmnesiaSM1PF,49379,8,262144,78385.23
progp,AmnesiaSMUKN,49379,8,262144,77046.11
progp,AmnesiaPPMDP,49379,8,262144,84467.24
progp,AmnesiaPPMDPFull,49379,8,262144,88575.6
progp,HashCTW,49379,8,524288,127025.4
progp,HashSM1PF,49379,8,524288,81321.54
progp,HashSMUKN,49379,8,524288,80396.29
progp,HashPPMDP,49379,8,524288,79471.18
progp,HashPPMDPFull,49379,8,524288,93784.12
progp,FNVHashCTW,49379,8,524288,126569.6
progp,FNVHashSM1PF,49379,8,524288,81107.08
progp,FNVHashSMUKN,49379,8,524288,80136.2
progp,FNVHashPPMDP,49379,8,524288,79157.45
progp,FNVHashPPMDPFull,49379,8,524288,93639.95
progp,AmnesiaCTW,49379,8,524288,124859.5
progp,AmnesiaSM1PF,49379,8,524288,78385.23
progp,AmnesiaSMUKN,49379,8,524288,77046.11
progp,AmnesiaPPMDP,49379,8,524288,84467.24
progp,AmnesiaPPMDPFull,49379,8,524288,88575.6
progp,HashCTW,49379,8,1048576,126975.2
progp,HashSM1PF,49379,8,1048576,80011.38
progp,HashSMUKN,49379,8,1048576,78954.23
progp,HashPPMDP,49379,8,1048576,78093.32
progp,HashPPMDPFull,49379,8,1048576,91523.64
progp,FNVHashCTW,49379,8,1048576,126518.2
progp,FNVHashSM1PF,49379,8,1048576,79605.13
progp,FNVHashSMUKN,49379,8,1048576,78546.69
progp,FNVHashPPMDP,49379,8,1048576,77661.21
progp,FNVHashPPMDPFull,49379,8,1048576,91146.6
progp,AmnesiaCTW,49379,8,1048576,124859.5
progp,AmnesiaSM1PF,49379,8,1048576,78385.23
progp,AmnesiaSMUKN,49379,8,1048576,77046.11
progp,AmnesiaPPMDP,49379,8,1048576,84467.24
progp,AmnesiaPPMDPFull,49379,8,1048576,88575.6
progp,CTW,49379,9,101008,124899.7
progp,SM1PF,49379,9,101008,77241.32
progp,SMUKN,49379,9,101008,76248.4
progp,PPMDP,49379,9,101008,81890.5
progp,PPMDPFull,49379,9,101008,88615.53
progp,HashCTW,49379,9,128,206234.5
progp,HashSM1PF,49379,9,128,236583
progp,HashSMUKN,49379,9,128,239945.9
progp,HashPPMDP,49379,9,128,237826.1
progp,HashPPMDPFull,49379,9,128,247517.3
progp,FNVHashCTW,49379,9,128,210692
progp,FNVHashSM1PF,49379,9,128,232621.3
progp,FNVHashSMUKN,49379,9,128,239293.5
progp,FNVHashPPMDP,49379,9,128,236929.7
progp,FNVHashPPMDPFull,49379,9,128,244244.9
progp,AmnesiaCTW,49379,9,128,337759.1
progp,AmnesiaSM1PF,49379,9,128,434674.9
progp,AmnesiaSMUKN,49379,9,128,434419.3
progp,AmnesiaPPMDP,49379,9,128,337069.4
progp,AmnesiaPPMDPFull,49379,9,128,344646.1
progp,HashCTW,49379,9,256,195301.5
progp,HashSM1PF,49379,9,256,232625.5
progp,HashSMUKN,49379,9,256,237665.3
progp,HashPPMDP,49379,9,256,234208.6
progp,HashPPMDPFull,49379,9,256,250437.9
progp,FNVHashCTW,49379,9,256,198218
progp,FNVHashSM1PF,49379,9,256,229825.5
progp,FNVHashSMUKN,49379,9,256,237227.9
progp,FNVHashPPMDP,49379,9,256,233245.8
progp,FNVHashPPMDPFull,49379,9,256,246728
progp,AmnesiaCTW,49379,9,256,315935
progp,AmnesiaSM1PF,49379,9,256,376209.2
progp,AmnesiaSMUKN,49379,9,256,375992.7
progp,AmnesiaPPMDP,49379,9,256,305802
progp,AmnesiaPPMDPFull,49379,9,256,313893.9
progp,HashCTW,49379,9,512,181138
progp,HashSM1PF,49379,9,512,224928
progp,HashSMUKN,49379,9,512,232474.4
progp,HashPPMDP,49379,9,512,227323.3
progp,HashPPMDPFull,49379,9,512,249363
progp,FNVHashCTW,49379,9,512,182499.9
progp,FNVHashSM1PF,49379,9,512,223560.3
progp,FNVHashSMUKN,49379,9,512,231943.3
progp,FNVHashPPMDP,49379,9,512,226439.6
progp,FNVHashPPMDPFull,49379,9,512,246895.4
progp,AmnesiaCTW,49379,9,512,289825.5
progp,AmnesiaSM1PF,49379,9,512,307246.1
progp,AmnesiaSMUKN,49379,9,512,307082
progp,AmnesiaPPMDP,49379,9,512,263987.8
progp,AmnesiaPPMDPFull,49379,9,512,272903.8
progp,HashCTW,49379,9,1024,168370.2
progp,HashSM1PF,49379,9,1024,213256.6
progp,HashSMUKN,49379,9,1024,223690.2
progp,HashPPMDP,49379,9,1024,216796.9
progp,HashPPMDPFull,49379,9,1024,241689.5
progp,FNVHashCTW,49379,9,1024,169021.8
progp,FNVHashSM1PF,49379,9,1024,213696.1
progp,FNVHashSMUKN,49379,9,1024,223246.8
progp,FNVHashPPMDP,49379,9,1024,216172.2
progp,FNVHashPPMDPFull,49379,9,1024,240745.8
progp,AmnesiaCTW,49379,9,1024,263300.8
progp,AmnesiaSM1PF,49379,9,1024,242739.1
progp,AmnesiaSMUKN,49379,9,1024,242244.3
progp,AmnesiaPPMDP,49379,9,1024,219586.1
progp,AmnesiaPPMDPFull,49379,9,1024,229856
progp,HashCTW,49379,9,2048,154553.8
progp,HashSM1PF,49379,9,2048,196920
progp,HashSMUKN,49379,9,2048,209330.2
progp,HashPPMDP,49379,9,2048,199976.4
progp,HashPPMDPFull,49379,9,2048,226238
progp,FNVHashCTW,49379,9,2048,154244.2
progp,FNVHashSM1PF,49379,9,2048,196667.4
progp,FNVHashSMUKN,49379,9,2048,208519.6
progp,FNVHashPPMDP,49379,9,2048,199381.3
progp,FNVHashPPMDPFull,49379,9,2048,226236
progp,AmnesiaCTW,49379,9,2048,238088.2
progp,AmnesiaSM1PF,49379,9,2048,191866.4
progp,AmnesiaSMUKN,49379,9,2048,191121.3
progp,AmnesiaPPMDP,49379,9,2048,180781.8
progp,AmnesiaPPMDPFull,49379,9,2048,192319.7
progp,HashCTW,49379,9,4096,144109.9
progp,HashSM1PF,49379,9,4096,177337.5
progp,HashSMUKN,49379,9,4096,189362.7
progp,HashPPMDP,49379,9,4096,178906.9
progp,HashPPMDPFull,49379,9,4096,206499.2
progp,FNVHashCTW,49379,9,4096,144083.2
progp,FNVHashSM1PF,49379,9,4096,177716.1
progp,FNVHashSMUKN,49379,9,4096,188885.3
progp,FNVHashPPMDP,49379,9,4096,178504.4
progp,FNVHashPPMDPFull,49379,9,4096,206538.8
progp,AmnesiaCTW,49379,9,4096,211789.7
progp,AmnesiaSM1PF,49379,9,4096,151308.8
progp,AmnesiaSMUKN,49379,9,4096,150393
progp,AmnesiaPPMDP,49379,9,4096,146798.5
progp,AmnesiaPPMDPFull,49379,9,4096,158742.2
progp,HashCTW,49379,9,8192,137143.2
progp,HashSM1PF,49379,9,8192,156376.4
progp,HashSMUKN,49379,9,8192,165538.4
progp,HashPPMDP,49379,9,8192,156003.6
progp,HashPPMDPFull,49379,9,8192,188524
progp,FNVHashCTW,49379,9,8192,136439.7
progp,FNVHashSM1PF,49379,9,8192,156139.3
progp,FNVHashSMUKN,49379,9,8192,165112.9
progp,FNVHashPPMDP,49379,9,8192,155570.2
progp,FNVHashPPMDPFull,49379,9,8192,188784.2
progp,AmnesiaCTW,49379,9,8192,187915.5
progp,AmnesiaSM1PF,49379,9,8192,123811.7
progp,AmnesiaSMUKN,49379,9,8192,122954.5
progp,AmnesiaPPMDP,49379,9,8192,122961.1
progp,AmnesiaPPMDPFull,49379,9,8192,134622.5
progp,HashCTW,49379,9,16384,132321
progp,HashSM1PF,49379,9,16384,135808.1
progp,HashSMUKN,49379,9,16384,141324
progp,HashPPMDP,49379,9,16384,133961.6
progp,HashPPMDPFull,49379,9,16384,170087.1
progp,FNVHashCTW,49379,9,16384,131295.1
progp,FNVHashSM1PF,49379,9,16384,135744.9
progp,FNVHashSMUKN,49379,9,16384,140877.2
progp,FNVHashPPMDP,49379,9,16384,133511
progp,FNVHashPPMDPFull,49379,9,16384,170385.8
progp,AmnesiaCTW,49379,9,16384,164257.7
progp,AmnesiaSM1PF,49379,9,16384,100628
progp,AmnesiaSMUKN,49379,9,16384,99511.71
progp,AmnesiaPPMDP,49379,9,16384,101473.5
progp,AmnesiaPPMDPFull,49379,9,16384,112693.4
progp,HashCTW,49379,9,32768,129223.7
progp,HashSM1PF,49379,9,32768,116898.5
progp,HashSMUKN,49379,9,32768,120139
progp,HashPPMDP,49379,9,32768,115256.3
progp,HashPPMDPFull,49379,9,32768,149416.8
progp,FNVHashCTW,49379,9,32768,129013.7
progp,FNVHashSM1PF,49379,9,32768,116749.2
progp,FNVHashSMUKN,49379,9,32768,119591.2
progp,FNVHashPPMDP,49379,9,32768,114676.1
progp,FNVHashPPMDPFull,49379,9,32768,149689.8
progp,AmnesiaCTW,49379,9,32768,144715
progp,AmnesiaSM1PF,49379,9,32768,86607.04
progp,AmnesiaSMUKN,49379,9,32768,85522.58
progp,AmnesiaPPMDP,49379,9,32768,89914.45
progp,AmnesiaPPMDPFull,49379,9,32768,97563.73
progp,HashCTW,49379,9,65536,128161.4
progp,HashSM1PF,49379,9,65536,101599.9
progp,HashSMUKN,49379,9,65536,103343.1
progp,HashPPMDP,49379,9,65536,100435.4
progp,HashPPMDPFull,49379,9,65536,129532.8
progp,FNVHashCTW,49379,9,65536,127761.3
progp,FNVHashSM1PF,49379,9,65536,101362.9
progp,FNVHashSMUKN,49379,9,65536,102904.7
progp,FNVHashPPMDP,49379,9,65536,100033.9
progp,FNVHashPPMDPFull,49379,9,65536,129387.2
progp,AmnesiaCTW,49379,9,65536,135793.2
progp,AmnesiaSM1PF,49379,9,65536,82038.76
progp,AmnesiaSMUKN,49379,9,65536,80880.45
progp,AmnesiaPPMDP,49379,9,65536,85345.54
progp,AmnesiaPPMDPFull,49379,9,65536,94362.37
progp,HashCTW,49379,9,131072,127485.3
progp,HashSM1PF,49379,9,131072,91269.15
progp,HashSMUKN,49379,9,131072,91701
progp,HashPPMDP,49379,9,131072,89911.26
progp,HashPPMDPFull,49379,9,131072,113300.5
progp,FNVHashCTW,49379,9,131072,127075.9
progp,FNVHashSM1PF,49379,9,131072,91173.69
progp,FNVHashSMUKN,49379,9,131072,91457.49
progp,FNVHashPPMDP,49379,9,131072,89656.74
progp,FNVHashPPMDPFull,49379,9,131072,113441.9
progp,AmnesiaCTW,49379,9,131072,124899.7
progp,AmnesiaSM1PF,49379,9,131072,77241.32
progp,AmnesiaSMUKN,49379,9,131072,76248.4
progp,AmnesiaPPMDP,49379,9,131072,81890.5
progp,AmnesiaPPMDPFull,49379,9,131072,88615.53
progp,HashCTW,49379,9,262144,127252.9
progp,HashSM1PF,49379,9,262144,84901.03
progp,HashSMUKN,49379,9,262144,84606.24
progp,HashPPMDP,49379,9,262144,83353.33
progp,HashPPMDPFull,49379,9,262144,102207.6
progp,FNVHashCTW,49379,9,262144,126716.3
progp,FNVHashSM1PF,49379,9,262144,84733.69
progp,FNVHashSMUKN,49379,9,262144,84334.33
progp,FNVHashPPMDP,49379,9,262144,83062.98
progp,FNVHashPPMDPFull,49379,9,262144,102332.1
progp,AmnesiaCTW,49379,9,262144,124899.7
progp,AmnesiaSM1PF,49379,9,262144,77241.32
progp,AmnesiaSMUKN,49379,9,262144,76248.4
progp,AmnesiaPPMDP,49379,9,262144,81890.5
progp,AmnesiaPPMDPFull,49379,9,262144,88615.53
progp,HashCTW,49379,9,524288,127109.1
progp,HashSM1PF,49379,9,524288,81461
progp,HashSMUKN,49379,9,524288,80853.54
progp,HashPPMDP,49379,9,524288,79754.33
progp,HashPPMDPFull,49379,9,524288,96087.49
progp,FNVHashCTW,49379,9,524288,126625.2
progp,FNVHashSM1PF,49379,9,524288,81137.08
progp,FNVHashSMUKN,49379,9,524288,80468.66
progp,FNVHashPPMDP,49379,9,524288,79347.6
progp,FNVHashPPMDPFull,49379,9,524288,95935.85
progp,AmnesiaCTW,49379,9,524288,124899.7
progp,AmnesiaSM1PF,49379,9,524288,77241.32
progp,AmnesiaSMUKN,49379,9,524288,76248.4
progp,AmnesiaPPMDP,49379,9,524288,81890.5
progp,AmnesiaPPMDPFull,49379,9,524288,88615.53
progp,HashCTW,49379,9,1048576,127042.6
progp,HashSM1PF,49379,9,1048576,79620.02
progp,HashSMUKN,49379,9,1048576,78832.64
progp,HashPPMDP,49379,9,1048576,77834.78
progp,HashPPMDPFull,49379,9,1048576,92831.14
progp,FNVHashCTW,49379,9,1048576,126573.4
progp,FNVHashSM1PF,49379,9,1048576,79207.64
progp,FNVHashSMUKN,49379,9,1048576,78355.34
progp,FNVHashPPMDP,49379,9,1048576,77339.27
progp,FNVHashPPMDPFull,49379,9,1048576,92386.17
progp,AmnesiaCTW,49379,9,1048576,124899.7
progp,AmnesiaSM1PF,49379,9,1048576,77241.32
progp,AmnesiaSMUKN,49379,9,1048576,76248.4
progp,AmnesiaPPMDP,49379,9,1048576,81890.5
progp,AmnesiaPPMDPFull,49379,9,1048576,88615.53
progp,CTW,49379,10,125050,124854.6
progp,SM1PF,49379,10,125050,76520.41
progp,SMUKN,49379,10,125050,75552.26
progp,PPMDP,49379,10,125050,79629.22
progp,PPMDPFull,49379,10,125050,88720.84
progp,HashCTW,49379,10,128,209590.9
progp,HashSM1PF,49379,10,128,239078.7
progp,HashSMUKN,49379,10,128,242597.4
progp,HashPPMDP,49379,10,128,240193.3
progp,HashPPMDPFull,49379,10,128,248252.2
progp,FNVHashCTW,49379,10,128,214651.4
progp,FNVHashSM1PF,49379,10,128,235930.4
progp,FNVHashSMUKN,49379,10,128,242155.7
progp,FNVHashPPMDP,49379,10,128,239748
progp,FNVHashPPMDPFull,49379,10,128,245463.5
progp,AmnesiaCTW,49379,10,128,340795
progp,AmnesiaSM1PF,49379,10,128,442469.3
progp,AmnesiaSMUKN,49379,10,128,442220
progp,AmnesiaPPMDP,49379,10,128,340814.6
progp,AmnesiaPPMDPFull,49379,10,128,348504.2
progp,HashCTW,49379,10,256,197106
progp,HashSM1PF,49379,10,256,236089.9
progp,HashSMUKN,49379,10,256,240664.5
progp,HashPPMDP,49379,10,256,236878.9
progp,HashPPMDPFull,49379,10,256,251835.5
progp,FNVHashCTW,49379,10,256,201944.8
progp,FNVHashSM1PF,49379,10,256,233715
progp,FNVHashSMUKN,49379,10,256,240453.1
progp,FNVHashPPMDP,49379,10,256,236242.2
progp,FNVHashPPMDPFull,49379,10,256,248459.9
progp,AmnesiaCTW,49379,10,256,320930.8
progp,AmnesiaSM1PF,49379,10,256,389359.6
progp,AmnesiaSMUKN,49379,10,256,389169.4
progp,AmnesiaPPMDP,49379,10,256,313404.8
progp,AmnesiaPPMDPFull,49379,10,256,321558.9
progp,HashCTW,49379,10,512,186605.9
progp,HashSM1PF,49379,10,512,230518.3
progp,HashSMUKN,49379,10,512,236914.2
progp,HashPPMDP,49379,10,512,231349.1
progp,HashPPMDPFull,49379,10,512,252087.2
progp,FNVHashCTW,49379,10,512,186066.4
progp,FNVHashSM1PF,49379,10,512,229119.1
progp,FNVHashSMUKN,49379,10,512,236695.9
progp,FNVHashPPMDP,49379,10,512,230580.6
progp,FNVHashPPMDPFull,49379,10,512,250499.2
progp,AmnesiaCTW,49379,10,512,294873.5
progp,AmnesiaSM1PF,49379,10,512,320144.9
progp,AmnesiaSMUKN,49379,10,512,319902.3
progp,AmnesiaPPMDP,49379,10,512,272487.1
progp,AmnesiaPPMDPFull,49379,10,512,281532.2
progp,HashCTW,49379,10,1024,172089.9
progp,HashSM1PF,49379,10,1024,220974.1
progp,HashSMUKN,49379,10,1024,230116.1
progp,HashPPMDP,49379,10,1024,222083.4
progp,HashPPMDPFull,49379,10,1024,248100.1
progp,FNVHashCTW,49379,10,1024,172381.1
progp,FNVHashSM1PF,49379,10,1024,220852.3
progp,FNVHashSMUKN,49379,10,1024,229753.3
progp,FNVHashPPMDP,49379,10,1024,221541.4
progp,FNVHashPPMDPFull,49379,10,1024,247001.8
progp,AmnesiaCTW,49379,10,1024,268716.4
progp,AmnesiaSM1PF,49379,10,1024,254561.9
progp,AmnesiaSMUKN,49379,10,1024,254243.8
progp,AmnesiaPPMDP,49379,10,1024,228092.9
progp,AmnesiaPPMDPFull,49379,10,1024,238569.6
progp,HashCTW,49379,10,2048,157394.4
progp,HashSM1PF,49379,10,2048,206545.4
progp,HashSMUKN,49379,10,2048,218071.4
progp,HashPPMDP,49379,10,2048,207725.4
progp,HashPPMDPFull,49379,10,2048,235278
progp,FNVHashCTW,49379,10,2048,157975.4
progp,FNVHashSM1PF,49379,10,2048,205986.7
progp,FNVHashSMUKN,49379,10,2048,217192.8
progp,FNVHashPPMDP,49379,10,2048,206969.4
progp,FNVHashPPMDPFull,49379,10,2048,235747.4
progp,AmnesiaCTW,49379,10,2048,242908.9
progp,AmnesiaSM1PF,49379,10,2048,199631.7
progp,AmnesiaSMUKN,49379,10,2048,198984.9
progp,AmnesiaPPMDP,49379,10,2048,186429
progp,AmnesiaPPMDPFull,49379,10,2048,197928.3
progp,HashCTW,49379,10,4096,146225
progp,HashSM1PF,49379,10,4096,186452.4
progp,HashSMUKN,49379,10,4096,199369.7
progp,HashPPMDP,49379,10,4096,187785.8
progp,HashPPMDPFull,49379,10,4096,217153.5
progp,FNVHashCTW,49379,10,4096,146201.7
progp,FNVHashSM1PF,49379,10,4096,187514.3
progp,FNVHashSMUKN,49379,10,4096,198998.5
progp,FNVHashPPMDP,49379,10,4096,187177.7
progp,FNVHashPPMDPFull,49379,10,4096,218026.6
progp,AmnesiaCTW,49379,10,4096,218842.5
progp,AmnesiaSM1PF,49379,10,4096,161416.4
progp,AmnesiaSMUKN,49379,10,4096,160474.7
progp,AmnesiaPPMDP,49379,10,4096,155276.1
progp,AmnesiaPPMDPFull,49379,10,4096,167711.1
progp,HashCTW,49379,10,8192,138706.4
progp,HashSM1PF,49379,10,8192,165697.1
progp,HashSMUKN,49379,10,8192,175995.1
progp,HashPPMDP,49379,10,8192,165085.9
progp,HashPPMDPFull,49379,10,8192,199740.5
progp,FNVHashCTW,49379,10,8192,137610.4
progp,FNVHashSM1PF,49379,10,8192,165945
progp,FNVHashSMUKN,49379,10,8192,175742.3
progp,FNVHashPPMDP,49379,10,8192,164731.2
progp,FNVHashPPMDPFull,49379,10,8192,200623.6
progp,AmnesiaCTW,49379,10,8192,194461
progp,AmnesiaSM1PF,49379,10,8192,130488.4
progp,AmnesiaSMUKN,49379,10,8192,129615.1
progp,AmnesiaPPMDP,49379,10,8192,128107.2
progp,AmnesiaPPMDPFull,49379,10,8192,141946.3
progp,HashCTW,49379,10,16384,133330.4
progp,HashSM1PF,49379,10,16384,144242.2
progp,HashSMUKN,49379,10,16384,151200.5
progp,HashPPMDP,49379,10,16384,142611.1
progp,HashPPMDPFull,49379,10,16384,182377.3
progp,FNVHashCTW,49379,10,16384,131980.7
progp,FNVHashSM1PF,49379,10,16384,144328.7
progp,FNVHashSMUKN,49379,10,16384,150920.5
progp,FNVHashPPMDP,49379,10,16384,142156
progp,FNVHashPPMDPFull,49379,10,16384,182979.7
progp,AmnesiaCTW,49379,10,16384,172124.4
progp,AmnesiaSM1PF,49379,10,16384,108058.7
progp,AmnesiaSMUKN,49379,10,16384,106979.5
progp,AmnesiaPPMDP,49379,10,16384,107387
progp,AmnesiaPPMDPFull,49379,10,16384,121479.3
progp,HashCTW,49379,10,32768,129684.9
progp,HashSM1PF,49379,10,32768,123902.9
progp,HashSMUKN,49379,10,32768,127989.3
progp,HashPPMDP,49379,10,32768,122251.9
progp,HashPPMDPFull,49379,10,32768,161915.4
progp,FNVHashCTW,49379,10,32768,129337.3
progp,FNVHashSM1PF,49379,10,32768,123811
progp,FNVHashSMUKN,49379,10,32768,127698.4
progp,FNVHashPPMDP,49379,10,32768,121846.1
progp,FNVHashPPMDPFull,49379,10,32768,162611.4
progp,AmnesiaCTW,49379,10,32768,151136.2
progp,AmnesiaSM1PF,49379,10,32768,89709.07
progp,AmnesiaSMUKN,49379,10,32768,88499.01
progp,AmnesiaPPMDP,49379,10,32768,90645.86
progp,AmnesiaPPMDPFull,49379,10,32768,102261.4
progp,HashCTW,49379,10,65536,128300.8
progp,HashSM1PF,49379,10,65536,106587.2
progp,HashSMUKN,49379,10,65536,108658.2
progp,HashPPMDP,49379,10,65536,105312.4
progp,HashPPMDPFull,49379,10,65536,140529.5
progp,FNVHashCTW,49379,10,65536,127873
progp,FNVHashSM1PF,49379,10,65536,106520.1
progp,FNVHashSMUKN,49379,10,65536,108496.8
progp,FNVHashPPMDP,49379,10,65536,105226.4
progp,FNVHashPPMDPFull,49379,10,65536,140647
progp,AmnesiaCTW,49379,10,65536,141109.8
progp,AmnesiaSM1PF,49379,10,65536,86856.49
progp,AmnesiaSMUKN,49379,10,65536,85922.21
progp,AmnesiaPPMDP,49379,10,65536,88920.45
progp,AmnesiaPPMDPFull,49379,10,65536,99978.07
progp,HashCTW,49379,10,131072,127517.4
progp,HashSM1PF,49379,10,131072,94216
progp,HashSMUKN,49379,10,131072,94898.8
progp,HashPPMDP,49379,10,131072,93015.75
progp,HashPPMDPFull,49379,10,131072,121321.4
progp,FNVHashCTW,49379,10,131072,127114.6
progp,FNVHashSM1PF,49379,10,131072,94141.11
progp,FNVHashSMUKN,49379,10,131072,94784.5
progp,FNVHashPPMDP,49379,10,131072,92899.22
progp,FNVHashPPMDPFull,49379,10,131072,121345.5
progp,AmnesiaCTW,49379,10,131072,124854.6
progp,AmnesiaSM1PF,49379,10,131072,76520.41
progp,AmnesiaSMUKN,49379,10,131072,75552.26
progp,AmnesiaPPMDP,49379,10,131072,79629.22
progp,AmnesiaPPMDPFull,49379,10,131072,88720.84
progp,HashCTW,49379,10,262144,127240.3
progp,HashSM1PF,49379,10,262144,86113.71
progp,HashSMUKN,49379,10,262144,86282.68
progp,HashPPMDP,49379,10,262144,85034.02
progp,HashPPMDPFull,49379,10,262144,107324.7
progp,FNVHashCTW,49379,10,262144,126671.7
progp,FNVHashSM1PF,49379,10,262144,85957.66
progp,FNVHashSMUKN,49379,10,262144,85831.87
progp,FNVHashPPMDP,49379,10,262144,84551.88
progp,FNVHashPPMDPFull,49379,10,262144,107125.5
progp,AmnesiaCTW,49379,10,262144,124854.6
progp,AmnesiaSM1PF,49379,10,262144,76520.41
progp,AmnesiaSMUKN,49379,10,262144,75552.26
progp,AmnesiaPPMDP,49379,10,262144,79629.22
progp,AmnesiaPPMDPFull,49379,10,262144,88720.84
progp,HashCTW,49379,10,524288,127081
progp,HashSM1PF,49379,10,524288,81960.67
progp,HashSMUKN,49379,10,524288,81396.1
progp,HashPPMDP,49379,10,524288,80285.53
progp,HashPPMDPFull,49379,10,524288,99084.56
progp,FNVHashCTW,49379,10,524288,126572
progp,FNVHashSM1PF,49379,10,524288,81408.71
progp,FNVHashSMUKN,49379,10,524288,80910.24
progp,FNVHashPPMDP,49379,10,524288,79768.44
progp,FNVHashPPMDPFull,49379,10,524288,98740.39
progp,AmnesiaCTW,49379,10,524288,124854.6
progp,AmnesiaSM1PF,49379,10,524288,76520.41
progp,AmnesiaSMUKN,49379,10,524288,75552.26
progp,AmnesiaPPMDP,49379,10,524288,79629.22
progp,AmnesiaPPMDPFull,49379,10,524288,88720.84
progp,HashCTW,49379,10,1048576,127053.1
progp,HashSM1PF,49379,10,1048576,79515.32
progp,HashSMUKN,49379,10,1048576,78769.94
progp,HashPPMDP,49379,10,1048576,77697.09
progp,HashPPMDPFull,49379,10,1048576,94465.99
progp,FNVHashCTW,49379,10,1048576,126530
progp,FNVHashSM1PF,49379,10,1048576,79051.37
progp,FNVHashSMUKN,49379,10,1048576,78286.99
progp,FNVHashPPMDP,49379,10,1048576,77198.08
progp,FNVHashPPMDPFull,49379,10,1048576,94056.55
progp,AmnesiaCTW,49379,10,1048576,124854.6
progp,AmnesiaSM1PF,49379,10,1048576,76520.41
progp,AmnesiaSMUKN,49379,10,1048576,75552.26
progp,AmnesiaPPMDP,49379,10,1048576,79629.22
progp,AmnesiaPPMDPFull,49379,10,1048576,88720.84
progp,CTW,49379,11,150867,124848.1
progp,SM1PF,49379,11,150867,75968.75
progp,SMUKN,49379,11,150867,74890.15
progp,PPMDP,49379,11,150867,77909.88
progp,PPMDPFull,49379,11,150867,88915.67
progp,HashCTW,49379,11,128,211940.3
progp,HashSM1PF,49379,11,128,241234.6
progp,HashSMUKN,49379,11,128,244946.4
progp,HashPPMDP,49379,11,128,242363.5
progp,HashPPMDPFull,49379,11,128,248473.9
progp,FNVHashCTW,49379,11,128,209523.2
progp,FNVHashSM1PF,49379,11,128,238534.7
progp,FNVHashSMUKN,49379,11,128,244310.5
progp,FNVHashPPMDP,49379,11,128,241868.1
progp,FNVHashPPMDPFull,49379,11,128,246697.5
progp,AmnesiaCTW,49379,11,128,343255.7
progp,AmnesiaSM1PF,49379,11,128,449268.4
progp,AmnesiaSMUKN,49379,11,128,449000.9
progp,AmnesiaPPMDP,49379,11,128,344271.5
progp,AmnesiaPPMDPFull,49379,11,128,352122
progp,HashCTW,49379,11,256,199430.9
progp,HashSM1PF,49379,11,256,239438.3
progp,HashSMUKN,49379,11,256,243949.3
progp,HashPPMDP,49379,11,256,239615
progp,HashPPMDPFull,49379,11,256,252754.6
progp,FNVHashCTW,49379,11,256,202276.9
progp,FNVHashSM1PF,49379,11,256,236980.8
progp,FNVHashSMUKN,49379,11,256,243706.9
progp,FNVHashPPMDP,49379,11,256,239293.8
progp,FNVHashPPMDPFull,49379,11,256,249954.9
progp,AmnesiaCTW,49379,11,256,323509.9
progp,AmnesiaSM1PF,49379,11,256,396397.7
progp,AmnesiaSMUKN,49379,11,256,396170.3
progp,AmnesiaPPMDP,49379,11,256,317121.3
progp,AmnesiaPPMDPFull,49379,11,256,325572.7
progp,HashCTW,49379,11,512,189533.5
progp,HashSM1PF,49379,11,512,235196.2
progp,HashSMUKN,49379,11,512,241393.8
progp,HashPPMDP,49379,11,512,235244
progp,HashPPMDPFull,49379,11,512,255292.2
progp,FNVHashCTW,49379,11,512,186259.4
progp,FNVHashSM1PF,49379,11,512,233680.6
progp,FNVHashSMUKN,49379,11,512,241136.1
progp,FNVHashPPMDP,49379,11,512,234691.8
progp,FNVHashPPMDPFull,49379,11,512,252320.7
progp,AmnesiaCTW,49379,11,512,299446.5
progp,AmnesiaSM1PF,49379,11,512,331555.5
progp,AmnesiaSMUKN,49379,11,512,331375.2
progp,AmnesiaPPMDP,49379,11,512,279686.9
progp,AmnesiaPPMDPFull,49379,11,512,288605.8
progp,HashCTW,49379,11,1024,174160.4
progp,HashSM1PF,49379,11,1024,227035.4
progp,HashSMUKN,49379,11,1024,235586.4
progp,HashPPMDP,49379,11,1024,227439.8
progp,HashPPMDPFull,49379,11,1024,253093.3
progp,FNVHashCTW,49379,11,1024,173358.3
progp,FNVHashSM1PF,49379,11,1024,226174.1
progp,FNVHashSMUKN,49379,11,1024,235034.1
progp,FNVHashPPMDP,49379,11,1024,226418.6
progp,FNVHashPPMDPFull,49379,11,1024,251428.5
progp,AmnesiaCTW,49379,11,1024,272433.3
progp,AmnesiaSM1PF,49379,11,1024,263066.5
progp,AmnesiaSMUKN,49379,11,1024,262682.7
progp,AmnesiaPPMDP,49379,11,1024,233854.4
progp,AmnesiaPPMDPFull,49379,11,1024,244172.2
progp,HashCTW,49379,11,2048,159371.7
progp,HashSM1PF,49379,11,2048,214738.9
progp,HashSMUKN,49379,11,2048,225947
progp,HashPPMDP,49379,11,2048,214869.6
progp,HashPPMDPFull,49379,11,2048,244223.4
progp,FNVHashCTW,49379,11,2048,158303.5
progp,FNVHashSM1PF,49379,11,2048,213781.4
progp,FNVHashSMUKN,49379,11,2048,224452.2
progp,FNVHashPPMDP,49379,11,2048,213774.7
progp,FNVHashPPMDPFull,49379,11,2048,243348.7
progp,AmnesiaCTW,49379,11,2048,247939.5
progp,AmnesiaSM1PF,49379,11,2048,209170.9
progp,AmnesiaSMUKN,49379,11,2048,208426
progp,AmnesiaPPMDP,49379,11,2048,193894.7
progp,AmnesiaPPMDPFull,49379,11,2048,205738.1
progp,HashCTW,49379,11,4096,147465.8
progp,HashSM1PF,49379,11,4096,196252.7
progp,HashSMUKN,49379,11,4096,208755.9
progp,HashPPMDP,49379,11,4096,195868.1
progp,HashPPMDPFull,49379,11,4096,228054.9
progp,FNVHashCTW,49379,11,4096,147759.9
progp,FNVHashSM1PF,49379,11,4096,196376.7
progp,FNVHashSMUKN,49379,11,4096,207966
progp,FNVHashPPMDP,49379,11,4096,195591.6
progp,FNVHashPPMDPFull,49379,11,4096,227689.8
progp,AmnesiaCTW,49379,11,4096,224656
progp,AmnesiaSM1PF,49379,11,4096,168512.7
progp,AmnesiaSMUKN,49379,11,4096,167789.7
progp,AmnesiaPPMDP,49379,11,4096,161212.5
progp,AmnesiaPPMDPFull,49379,11,4096,174238.6
progp,HashCTW,49379,11,8192,140090.6
progp,HashSM1PF,49379,11,8192,174805.9
progp,HashSMUKN,49379,11,8192,186287.1
progp,HashPPMDP,49379,11,8192,174063.3
progp,HashPPMDPFull,49379,11,8192,210450.1
progp,FNVHashCTW,49379,11,8192,138968.1
progp,FNVHashSM1PF,49379,11,8192,174922.5
progp,FNVHashSMUKN,49379,11,8192,185493.8
progp,FNVHashPPMDP,49379,11,8192,173499.3
progp,FNVHashPPMDPFull,49379,11,8192,210883
progp,AmnesiaCTW,49379,11,8192,195174.4
progp,AmnesiaSM1PF,49379,11,8192,131171.5
progp,AmnesiaSMUKN,49379,11,8192,130295.9
progp,AmnesiaPPMDP,49379,11,8192,128402.9
progp,AmnesiaPPMDPFull,49379,11,8192,141537.6
progp,HashCTW,49379,11,16384,133758.6
progp,HashSM1PF,49379,11,16384,153306.8
progp,HashSMUKN,49379,11,16384,160940.7
progp,HashPPMDP,49379,11,16384,151093.3
progp,HashPPMDPFull,49379,11,16384,194486.9
progp,FNVHashCTW,49379,11,16384,132933.4
progp,FNVHashSM1PF,49379,11,16384,152496.3
progp,FNVHashSMUKN,49379,11,16384,160405.5
progp,FNVHashPPMDP,49379,11,16384,150690.2
progp,FNVHashPPMDPFull,49379,11,16384,194947
progp,AmnesiaCTW,49379,11,16384,175814.4
progp,AmnesiaSM1PF,49379,11,16384,111238.5
progp,AmnesiaSMUKN,49379,11,16384,110209.9
progp,AmnesiaPPMDP,49379,11,16384,109804
progp,AmnesiaPPMDPFull,49379,11,16384,122533.4
progp,HashCTW,49379,11,32768,130042.9
progp,HashSM1PF,49379,11,32768,131332.4
progp,HashSMUKN,49379,11,32768,136026.8
progp,HashPPMDP,49379,11,32768,129299.8
progp,HashPPMDPFull,49379,11,32768,174261.4
progp,FNVHashCTW,49379,11,32768,129871.8
progp,FNVHashSM1PF,49379,11,32768,130892.9
progp,FNVHashSMUKN,49379,11,32768,135457.2
progp,FNVHashPPMDP,49379,11,32768,128772.8
progp,FNVHashPPMDPFull,49379,11,32768,174689.6
progp,AmnesiaCTW,49379,11,32768,154318.1
progp,AmnesiaSM1PF,49379,11,32768,91463.09
progp,AmnesiaSMUKN,49379,11,32768,90441.61
progp,AmnesiaPPMDP,49379,11,32768,91527.21
progp,AmnesiaPPMDPFull,49379,11,32768,104260.6
progp,HashCTW,49379,11,65536,128502.5
progp,HashSM1PF,49379,11,65536,112264.1
progp,HashSMUKN,49379,11,65536,114750.8
progp,HashPPMDP,49379,11,65536,111072.4
progp,HashPPMDPFull,49379,11,65536,152275.2
progp,FNVHashCTW,49379,11,65536,128124.6
progp,FNVHashSM1PF,49379,11,65536,111811.9
progp,FNVHashSMUKN,49379,11,65536,114159.7
progp,FNVHashPPMDP,49379,11,65536,110532.1
progp,FNVHashPPMDPFull,49379,11,65536,152341.7
progp,AmnesiaCTW,49379,11,65536,139455.4
progp,AmnesiaSM1PF,49379,11,65536,82409.45
progp,AmnesiaSMUKN,49379,11,65536,81556.83
progp,AmnesiaPPMDP,49379,11,65536,84088.96
progp,AmnesiaPPMDPFull,49379,11,65536,95185.89
progp,HashCTW,49379,11,131072,127701.8
progp,HashSM1PF,49379,11,131072,97406.67
progp,HashSMUKN,49379,11,131072,98590.94
progp,HashPPMDP,49379,11,131072,96738.36
progp,HashPPMDPFull,49379,11,131072,130048.8
progp,FNVHashCTW,49379,11,131072,127220.4
progp,FNVHashSM1PF,49379,11,131072,97440.14
progp,FNVHashSMUKN,49379,11,131072,98225.55
progp,FNVHashPPMDP,49379,11,131072,96341.98
progp,FNVHashPPMDPFull,49379,11,131072,130163
progp,AmnesiaCTW,49379,11,131072,130771.8
progp,AmnesiaSM1PF,49379,11,131072,79180.29
progp,AmnesiaSMUKN,49379,11,131072,78161.3
progp,AmnesiaPPMDP,49379,11,131072,81071.34
progp,AmnesiaPPMDPFull,49379,11,131072,91388.38
progp,HashCTW,49379,11,262144,127369.5
progp,HashSM1PF,49379,11,262144,88087.89
progp,HashSMUKN,49379,11,262144,88224.62
progp,HashPPMDP,49379,11,262144,87012.28
progp,HashPPMDPFull,49379,11,262144,113047.3
progp,FNVHashCTW,49379,11,262144,126701.7
progp,FNVHashSM1PF,49379,11,262144,87459.49
progp,FNVHashSMUKN,49379,11,262144,87558.85
progp,FNVHashPPMDP,49379,11,262144,86402.84
progp,FNVHashPPMDPFull,49379,11,262144,112823.8
progp,AmnesiaCTW,49379,11,262144,124848.1
progp,AmnesiaSM1PF,49379,11,262144,75968.75
progp,AmnesiaSMUKN,49379,11,262144,74890.15
progp,AmnesiaPPMDP,49379,11,262144,77909.88
progp,AmnesiaPPMDPFull,49379,11,262144,88915.67
progp,HashCTW,49379,11,524288,127195.2
progp,HashSM1PF,49379,11,524288,82651.71
progp,HashSMUKN,49379,11,524288,82143.67
progp,HashPPMDP,49379,11,524288,81060.13
progp,HashPPMDPFull,49379,11,524288,102353.7
progp,FNVHashCTW,49379,11,524288,126579.4
progp,FNVHashSM1PF,49379,11,524288,81964
progp,FNVHashSMUKN,49379,11,524288,81568.88
progp,FNVHashPPMDP,49379,11,524288,80488.99
progp,FNVHashPPMDPFull,49379,11,524288,102004.6
progp,AmnesiaCTW,49379,11,524288,124848.1
progp,AmnesiaSM1PF,49379,11,524288,75968.75
progp,AmnesiaSMUKN,49379,11,524288,74890.15
progp,AmnesiaPPMDP,49379,11,524288,77909.88
progp,AmnesiaPPMDPFull,49379,11,524288,88915.67
progp,HashCTW,49379,11,1048576,127050
progp,HashSM1PF,49379,11,1048576,79326.45
progp,HashSMUKN,49379,11,1048576,78715.17
progp,HashPPMDP,49379,11,1048576,77644.03
progp,HashPPMDPFull,49379,11,1048576,96117.35
progp,FNVHashCTW,49379,11,1048576,126532.9
progp,FNVHashSM1PF,49379,11,1048576,79118.38
progp,FNVHashSMUKN,49379,11,1048576,78367.33
progp,FNVHashPPMDP,49379,11,1048576,77257.89
progp,FNVHashPPMDPFull,49379,11,1048576,95912.04
progp,AmnesiaCTW,49379,11,1048576,124848.1
progp,AmnesiaSM1PF,49379,11,1048576,75968.75
progp,AmnesiaSMUKN,49379,11,1048576,74890.15
progp,AmnesiaPPMDP,49379,11,1048576,77909.88
progp,AmnesiaPPMDPFull,49379,11,1048576,88915.67
